Date,Month,Year,Quarter,Service,Sanctuary Attendance,Volunteer Classroom Attendance,Nursery Attendance,K-3 Attendance,4-6 Attendance,Youth Attendance,In-Person Total,"Adjusted Total Attendence 
(to remove duplicates)",Online Attendance,Total K-6th Grade Attendence,Total Adults,Notes
3/5/23,March,2023,Q1,9:15 AM,49,2,2,0,0,0,53,51,0,0,51,
3/5/23,March,2023,Q1,11:00 AM,55,6,4,12,8,4,89,81,9,20,61,
3/12/23,March,2023,Q1,9:15 AM,0,,0,0,0,0,0,0,0,0,0,Canceled due to ice
3/12/23,March,2023,Q1,11:00 AM,37,3,0,4,3,1,48,45,15,7,40,low attendance due to icy roads
3/19/23,March,2023,Q1,9:15 AM,46,1,3,0,0,0,50,49,15,0,47,
3/19/23,March,2023,Q1,11:00 AM,55,5,7,10,7,0,84,80,0,17,60,2 youth served in nursery
3/26/23,March,2023,Q1,9:15 AM,31,1,3,0,0,0,35,34,11,0,32,
3/26/23,March,2023,Q1,11:00 AM,36,6,4,11,7,0,64,59,0,18,42,
4/2/23,April,2023,Q2,9:15 AM,52,1,4,0,0,0,57,56,8,0,53,
4/2/23,April,2023,Q2,11:00 AM,43,5,2,10,7,0,67,63,0,17,48,
4/9/23,April,2023,Q2,9:15 AM,47,1,6,0,0,0,54,53,6,0,48,
4/9/23,April,2023,Q2,11:00 AM,77,5,4,5,7,0,98,94,0,12,82,
4/16/23,April,2023,Q2,9:15 AM,35,1,2,0,0,0,38,37,14,0,36,
4/16/23,April,2023,Q2,11:00 AM,56,5,7,8,4,0,80,76,0,12,61,
4/23/23,April,2023,Q2,9:15 AM,44,1,2,0,0,0,47,46,11,0,45,
4/23/23,April,2023,Q2,11:00 AM,55,5,2,8,6,0,76,72,0,14,60,
4/30/23,April,2023,Q2,9:15 AM,49,1,3,0,0,0,53,52,13,0,50,
4/30/23,April,2023,Q2,11:00 AM,44,3,4,6,8,0,65,63,14,14,47,
5/7/23,May,2023,Q2,9:15 AM,59,1,3,0,0,0,63,62,15,0,60,
5/7/23,May,2023,Q2,11:00 AM,40,8,3,12,10,6,79,68,0,22,48,
5/14/23,May,2023,Q2,9:15 AM,46,1,3,0,0,0,50,49,13,0,47,
5/14/23,May,2023,Q2,11:00 AM,33,6,2,9,7,6,63,53,0,16,39,
5/21/23,May,2023,Q2,9:15 AM,67,2,4,0,0,0,73,71,7,0,69,
5/21/23,May,2023,Q2,11:00 AM,49,6,1,9,7,6,78,68,0,16,55,
5/28/23,May,2023,Q2,9:15 AM,48,2,1,0,0,0,51,49,15,0,50,attendence estimated in Harley's absence
5/28/23,May,2023,Q2,11:00 AM,35,5,1,5,2,5,53,45,0,7,40,attendence estimated in Harley's absence
6/4/23,June,2023,Q2,9:15 AM,62,1,1,0,0,0,64,63,5,0,63,
6/4/23,June,2023,Q2,11:00 AM,35,5,2,7,7,6,62,53,0,14,40,
6/11/23,June,2023,Q2,9:15 AM,54,1,3,0,0,0,58,57,9,0,55,
6/11/23,June,2023,Q2,11:00 AM,43,5,3,9,6,4,70,63,0,15,48,
6/18/23,June,2023,Q2,9:15 AM,44,0,0,0,0,0,44,44,3,0,44,
6/18/23,June,2023,Q2,11:00 AM,40,5,1,10,7,5,68,60,0,17,45,
6/25/23,June,2023,Q2,9:15 AM,41,1,3,0,0,0,45,44,18,0,42,
6/25/23,June,2023,Q2,11:00 AM,44,5,2,7,5,6,69,60,0,12,49,
7/2/23,July,2023,Q3,9:15 AM,44,1,2,0,0,0,47,46,6,0,45,
7/2/23,July,2023,Q3,11:00 AM,43,4,0,7,7,7,68,59,0,14,47,
7/9/23,July,2023,Q3,9:15 AM,43,0,0,0,0,0,43,43,5,0,43,
7/9/23,July,2023,Q3,11:00 AM,36,5,1,8,7,7,64,54,0,15,41,
7/16/23,July,2023,Q3,9:15 AM,49,1,3,0,0,0,53,52,0,0,50,mac malfunction. Had to stream 2nd service
7/16/23,July,2023,Q3,11:00 AM,45,5,2,10,6,7,75,65,16,16,50,
7/23/23,July,2023,Q3,9:15 AM,47,1,3,0,0,0,51,50,5,0,48,
7/23/23,July,2023,Q3,11:00 AM,37,5,1,7,6,7,63,53,0,13,42,
7/30/23,July,2023,Q3,9:15 AM,58,1,2,0,0,0,61,60,6,0,59,
7/30/23,July,2023,Q3,11:00 AM,30,5,2,9,7,8,61,51,0,16,35,
8/6/23,August,2023,Q3,9:15 AM,44,1,2,0,0,0,47,46,14,0,45,
8/6/23,August,2023,Q3,11:00 AM,46,6,3,12,7,6,80,70,0,19,52,
8/13/23,August,2023,Q3,9:15 AM,61,2,4,0,0,0,67,65,11,0,63,
8/13/23,August,2023,Q3,11:00 AM,26,5,2,4,3,4,44,37,0,7,31,
8/20/23,August,2023,Q3,9:15 AM,45,1,1,0,0,0,47,46,3,0,46,
8/20/23,August,2023,Q3,11:00 AM,30,5,4,9,9,5,62,54,0,18,35,
8/27/23,August,2023,Q3,9:15 AM,57,1,3,0,0,0,61,60,8,0,58,
8/27/23,August,2023,Q3,11:00 AM,36,4,4,13,11,7,75,66,0,24,40,
9/3/23,September,2023,Q3,9:15 AM,55,3,2,0,0,0,60,58,8,0,58,
9/3/23,September,2023,Q3,11:00 AM,40,8,3,18,11,7,87,75,0,29,48,
9/10/23,September,2023,Q3,9:15 AM,33,1,1,0,0,0,35,34,11,0,34,
9/10/23,September,2023,Q3,11:00 AM,41,4,5,7,11,2,70,65,0,18,45,
9/17/23,September,2023,Q3,9:15 AM,50,1,4,0,0,0,55,54,10,0,51,
9/17/23,September,2023,Q3,11:00 AM,29,5,3,8,8,2,55,49,0,16,34,
9/24/23,September,2023,Q3,9:15 AM,41,1,5,0,0,0,47,46,22,0,42,
9/24/23,September,2023,Q3,11:00 AM,40,7,2,9,10,4,72,63,0,19,47,
10/1/23,October,2023,Q4,9:15 AM,56,1,6,0,0,0,63,62,9,0,57,
10/1/23,October,2023,Q4,11:00 AM,34,6,2,8,9,4,63,55,0,17,40,
10/8/23,October,2023,Q4,9:15 AM,38,1,2,0,0,0,41,40,6,0,39,
10/8/23,October,2023,Q4,11:00 AM,35,7,1,6,11,2,62,55,0,17,42,
10/15/23,October,2023,Q4,9:15 AM,58,1,6,0,0,0,65,64,13,0,59,
10/15/23,October,2023,Q4,11:00 AM,37,5,3,7,13,5,70,62,0,20,42,
10/22/23,October,2023,Q4,9:15 AM,47,1,4,0,0,0,52,51,13,0,48,
10/22/23,October,2023,Q4,11:00 AM,47,5,6,8,9,5,80,72,0,17,52,
10/29/23,October,2023,Q4,9:15 AM,49,1,2,0,0,0,52,51,8,0,50,
10/29/23,October,2023,Q4,11:00 AM,36,5,4,9,14,9,77,66,0,23,41,
11/5/23,November,2023,Q4,9:15 AM,57,0,0,0,0,0,57,57,5,0,57,
11/5/23,November,2023,Q4,11:00 AM,37,4,0,9,14,9,73,63,0,23,41,no nursary volunteers due to vacation/sickness
11/12/23,November,2023,Q4,9:15 AM,53,1,3,0,0,0,57,56,11,0,54,
11/12/23,November,2023,Q4,11:00 AM,27,7,5,9,11,7,66,55,0,20,34,
11/19/23,November,2023,Q4,9:15 AM,49,2,3,0,0,0,54,52,14,0,51,
11/19/23,November,2023,Q4,11:00 AM,38,5,5,9,11,8,76,66,0,20,43,
11/26/23,November,2023,Q4,9:15 AM,37,1,3,0,0,0,41,40,11,0,38,
11/26/23,November,2023,Q4,11:00 AM,29,5,3,9,8,5,59,51,0,17,34,sanctuary attendance is an estimate
12/3/23,December,2023,Q4,9:15 AM,44,1,4,0,0,0,49,48,5,0,45,
12/3/23,December,2023,Q4,11:00 AM,43,5,4,9,10,8,79,69,0,19,48,
12/10/23,December,2023,Q4,9:15 AM,58,1,3,0,0,0,62,61,10,0,59,
12/10/23,December,2023,Q4,11:00 AM,30,6,1,7,10,4,58,50,0,17,36,
12/17/23,December,2023,Q4,9:15 AM,43,7,3,0,0,0,53,47,0,0,50,
12/17/23,December,2023,Q4,11:00 AM,29,1,5,9,9,4,57,53,0,18,30,
12/24/23,December,2023,Q4,9:15 AM,53,0,0,0,0,0,53,53,0,0,53,
12/24/23,December,2023,Q4,11:00 AM,40,3,0,0,0,0,43,41,6,0,43,
12/31/23,December,2023,Q4,9:15 AM,43,0,0,0,0,0,43,43,6,0,43,
12/31/23,December,2023,Q4,11:00 AM,41,5,2,8,11,3,70,64,0,19,46,
1/7/24,January,2024,Q1,9:15 AM,43,1,1,0,0,0,45,44,0,0,44,
1/7/24,January,2024,Q1,11:00 AM,34,6,4,6,8,1,59,53,14,14,40,
1/14/24,January,2024,Q1,9:15 AM,47,1,1,0,0,0,49,48,12,0,48,
1/14/24,January,2024,Q1,11:00 AM,39,2,3,9,9,4,66,61,0,18,41,
1/21/24,January,2024,Q1,9:15 AM,0,0,0,0,0,0,0,0,0,0,0,service canceled due to incliment weather
1/21/24,January,2024,Q1,11:00 AM,87,0,0,0,0,0,87,87,16,0,87,no children's ministry due to incliment weather
1/28/24,January,2024,Q1,9:15 AM,43,1,3,0,0,0,47,46,6,0,44,
1/28/24,January,2024,Q1,11:00 AM,49,5,4,9,12,8,87,77,0,21,54,
2/4/24,February,2024,Q1,9:15 AM,51,1,5,0,0,0,57,56,3,0,52,
2/4/24,February,2024,Q1,11:00 AM,38,5,5,10,12,6,76,67,0,22,43,
2/11/24,February,2024,Q1,9:15 AM,57,0,0,0,0,0,57,57,5,0,57,
2/11/24,February,2024,Q1,11:00 AM,21,3,4,7,10,6,51,44,0,17,24,
2/18/24,February,2024,Q1,9:15 AM,50,0,0,0,0,0,50,50,6,0,50,
2/18/24,February,2024,Q1,11:00 AM,25,5,3,6,11,7,57,47,0,17,30,
2/25/24,February,2024,Q1,9:15 AM,57,0,0,0,0,0,57,57,6,0,57,
2/25/24,February,2024,Q1,11:00 AM,40,2,6,9,9,7,73,66,0,18,42,
3/3/24,March,2024,Q1,9:15 AM,57,1,1,0,0,0,59,58,8,0,58,
3/3/24,March,2024,Q1,11:00 AM,37,4,6,9,10,7,73,64,0,19,41,
3/10/24,March,2024,Q1,9:15 AM,73,,,0,0,0,73,73,10,0,73,
3/10/24,March,2024,Q1,11:00 AM,30,5,6,7,7,7,62,52,0,14,35,
3/17/24,March,2024,Q1,9:15 AM,62,,,,,,62,62,5,0,62,
3/17/24,March,2024,Q1,11:00 AM,41,2,4,7,11,7,72,65,0,18,43,
3/24/24,March,2024,Q1,9:15 AM,39,,,,,,39,39,10,0,39,
3/24/24,March,2024,Q1,11:00 AM,48,5,5,8,11,7,84,74,0,19,53,
3/31/24,March,2024,Q1,9:15 AM,56,1,4,0,0,0,61,60,14,0,57,Resurrection Sunday
3/31/24,March,2024,Q1,11:00 AM,51,3,5,5,5,6,75,68,0,10,54,Resurrection Sunday
4/8/24,April,2024,Q2,9:15 AM,57,2,1,0,0,0,60,58,4,0,59,
4/8/24,April,2024,Q2,11:00 AM,36,5,4,5,7,3,60,54,0,12,41,
4/14/24,April,2024,Q2,9:15 AM,53,,,,,,53,53,4,18,53,
4/14/24,April,2024,Q2,11:00 AM,37,,,,,,37,37,0,0,37,
4/21/24,April,2024,Q2,9:15 AM,47,,,0,0,0,47,47,7,0,47,
4/21/24,April,2024,Q2,11:00 AM,33,4,5,6,5,6,59,51,0,11,37,
4/28/24,April,2024,Q2,9:15 AM,52,,,,,,52,52,8,0,52,
4/28/24,April,2024,Q2,11:00 AM,23,3,1,8,7,3,45,40,0,15,26,
5/5/24,May,2024,Q2,9:15 AM,57,1,2,,,,60,59,5,0,58,
5/5/24,May,2024,Q2,11:00 AM,38,4,6,13,12,8,81,71,0,25,42,
5/12/24,May,2024,Q2,9:15 AM,56,1,2,0,0,0,59,58,7,0,57,
5/12/24,May,2024,Q2,11:00 AM,34,1,3,9,8,1,56,54,,17,35,
5/19/24,May,2024,Q2,9:15 AM,55,1,2,0,0,0,58,57,4,0,56,1st service is an estimate
5/19/24,May,2024,Q2,11:00 AM,35,5,6,13,12,8,79,69,0,25,40,
5/26/24,May,2024,Q2,9:15 AM,51,0,0,0,0,0,51,51,4,0,51,
5/26/24,May,2024,Q2,11:00 AM,19,2,0,9,0,0,30,28,0,9,21,
6/2/24,June,2024,Q2,9:15 AM,49,0,0,0,0,0,49,49,8,0,49,
6/2/24,June,2024,Q2,11:00 AM,39,3,2,12,10,2,68,64,0,22,42,
6/9/24,June,2024,Q2,9:15 AM,49,0,0,0,0,0,49,49,8,0,49,
6/9/24,June,2024,Q2,11:00 AM,31,4,3,10,9,3,60,54,0,19,35,
6/16/24,June,2024,Q2,9:15 AM,58,1,1,0,0,0,60,59,11,0,59,
6/16/24,June,2024,Q2,11:00 AM,35,7,4,8,8,7,69,58,0,16,42,
6/23/24,June,2024,Q2,9:15 AM,55,0,,0,0,0,55,55,8,0,55,Estimated
6/23/24,June,2024,Q2,11:00 AM,35,3,1,8,7,3,57,52,0,15,38,Estimated
6/30/24,June,2024,Q2,9:15 AM,55,0,0,0,0,0,55,55,16,0,55,Guest Speaker Josh Hayes
6/30/24,June,2024,Q2,11:00 AM,38,3,1,4,4,2,52,48,0,8,41,Guest Speaker Josh Hayes
7/7/24,July,2024,Q3,9:15 AM,48,0,0,0,0,0,48,48,6,0,48,
7/7/24,July,2024,Q3,11:00 AM,50,4,0,8,8,4,74,68,0,16,54,
7/14/24,July,2024,Q3,9:15 AM,48,0,0,0,0,0,48,48,13,0,48,
7/14/24,July,2024,Q3,11:00 AM,36,6,3,5,5,7,62,52,0,10,42,
7/21/24,July,2024,Q3,9:15 AM,54,0,0,0,0,0,54,54,9,0,54,Guest Speaker Bob Lay
7/21/24,July,2024,Q3,11:00 AM,45,4,3,8,7,6,73,65,0,15,49,Guest Speaker Bob Lay
7/28/24,July,2024,Q3,9:15 AM,54,0, ,0,0,0,54,54,3,0,54,
7/28/24,July,2024,Q3,11:00 AM,41,2,3,7,8,3,64,60,0,15,43,
8/4/24,August,2024,Q3,9:15 AM,48,,0,0,0,0,48,48,13,0,48,Guest Speaker John LaShell
8/4/24,August,2024,Q3,11:00 AM,35,5,3,9,10,3,65,59,0,19,40,Guest Speaker John LaShell
8/11/24,August,2024,Q3,9:15 AM,57,0,0,0,0,0,57,57,14,0,57,
8/11/24,August,2024,Q3,11:00 AM,50,6,3,12,11,7,89,79,0,23,56,
8/18/24,August,2024,Q3,9:15 AM,57,0,0,0,0,0,57,57,9,0,57,
8/18/24,August,2024,Q3,11:00 AM,32,4,5,10,8,6,65,57,0,18,36,Promotion Sunday-Kids move up a grade level
8/25/24,August,2024,Q3,9:15 AM,45,0,0,0,0,0,45,45,4,0,45,
8/25/24,August,2024,Q3,11:00 AM,40,6,2,11,11,6,76,66,0,22,46,
9/1/24,September,2024,Q3,9:15 AM,49,0,0,0,0,0,49,49,9,0,49,Labor Day Weekend
9/1/24,September,2024,Q3,11:00 AM,40,5,3,12,14,7,81,71,0,26,45,Labor Day Weekend
9/8/24,September,2024,Q3,9:15 AM,55,0,0,0,0,0,55,55,5,0,55,
9/8/24,September,2024,Q3,11:00 AM,23,4,4,4,12,,47,44,0,16,27,
9/15/24,September,2024,Q3,9:15 AM,38,0,0,0,0,0,38,38,6,0,38,
9/15/24,September,2024,Q3,11:00 AM,40,6,4,9,12,4,75,67,0,21,46,
9/22/24,September,2024,Q3,9:15 AM,39,0,0,0,0,0,39,39,8,0,39,
9/22/24,September,2024,Q3,11:00 AM,32,4,1,8,10,4,59,53,,18,36,
9/29/24,September,2024,Q3,9:15 AM,0,0,0,0,0,0,0,0,0,0,0,1st service CANCELED due to Hurricane Helene
9/29/24,September,2024,Q3,11:00 AM,65,0,0,0,0,0,65,65,0,0,65,attendence estimated
10/6/24,October,2024,Q4,9:15 AM,0,0,0,0,0,0,0,0,24,0,0,1st service CANCELED due to Hurricane Helene
10/6/24,October,2024,Q4,11:00 AM,75,0,0,0,0,0,75,75,0,0,75,
10/13/24,October,2024,Q4,9:15 AM,0,0,0,0,0,0,0,0,0,0,0,1st service CANCELED due to Hurricane Helene Recovery
10/13/24,October,2024,Q4,11:00 AM,89,0,0,0,0,0,89,89,11,0,89,
10/20/24,October,2024,Q4,9:15 AM,0,0,0,0,0,0,0,0,0,0,0,1st service CANCELED due to Hurricane Helene Recovery
10/20/24,October,2024,Q4,11:00 AM,105,0,0,0,0,0,105,105,7,0,105,
10/27/24,October,2024,Q4,9:15 AM,59,0,0,0,0,0,59,59,29,0,59,
10/27/24,October,2024,Q4,11:00 AM,37,7,3,9,7,4,67,58,0,16,44,
11/3/24,November,2024,Q4,9:15 AM,53,0,0,0,0,0,53,53,6,0,53,
11/3/24,November,2024,Q4,11:00 AM,33,7,5,12,10,6,73,63,0,22,40,
11/10/24,November,2024,Q4,9:15 AM,37,0,0,0,0,0,37,37,16,0,37,
,November,2024,Q4,11:00 AM,40,5,2,8,7,3,65,59,0,15,45,
11/17/24,November,2024,Q4,9:15 AM,54,0,0,0,0,0,54,54,16,0,54,
11/17/24,November,1900,Q4,11:00 AM,31,5,3,11,9,4,63,56,0,20,36,
11/24/24,November,2024,Q4,9:15 AM,34,0,0,0,0,0,34,34,11,0,34,
11/24/24,November,2024,Q4,11:00 AM,43,3,0,3,4,2,55,51,0,7,46,
12/1/24,December,2024,Q4,9:15 AM,34,0,0,0,0,0,34,34,18,0,34,Thanksgiving Weekend
12/1/24,December,2024,Q4,11:00 AM,35,3,2,10,8,3,61,56,0,18,38,Thanksgiving Weekend
12/8/24,December,2024,Q4,9:15 AM,37,0,0,0,0,0,37,37,5,0,37,1st service is an estimate
12/8/24,December,2024,Q4,11:00 AM,36,6,2,11,8,6,69,59,0,19,42,
12/15/24,December,2024,Q4,9:15 AM,0,0,0,0,0,0,0,0,0,0,0,1st service cancelled due to icy road conditions
12/15/24,December,2024,Q4,11:00 AM,52,5,5,9,9,3,83,77,11,18,57,Estimated sanctuary attendance
12/22/24,December,2024,Q4,9:15 AM,30,0,0,0,0,0,30,30,14,0,30,Estimated sanctuary attendance
12/22/24,December,2024,Q4,11:00 AM,38,4,1,7,7,3,60,54,,14,42,
12/29/24,December,2024,Q4,9:15 AM,36,0,0,0,0,0,36,36,11,0,36,
12/29/24,December,2024,Q4,11:00 AM,33,4,1,9,7,3,57,51,,16,37,
1/5/25,January,2025,Q1,9:15 AM,35,0,0,0,0,0,35,35,7,0,35,First service is an estimate
1/5/25,January,2025,Q1,11:00 AM,24,7,5,11,10,6,63,53,,21,31,
1/12/25,January,2025,Q1,9:15 AM,0,0,0,0,0,0,0,0,0,0,0,First service cancelled due to inclement weather
1/12/25,January,2025,Q1,11:00 AM,41,0,0,0,0,0,41,41,18,0,41,no children's ministry due to incliment weather
1/19/25,January,2025,Q1,9:15 AM,40,0,0,0,0,0,40,40,6,0,40,Guest Speaker John LaShell
1/19/25,January,2025,Q1,11:00 AM,34,4,4,6,5,6,59,51,0,11,38,Guest Speaker John LaShell
1/26/25,January,2025,Q1,9:15 AM,47,0,0,0,0,0,47,47,17,0,47,
1/26/25,January,2025,Q1,11:00 AM,33,4,5,5,7,6,60,52,0,12,37,
2/2/25,February,2025,Q1,9:15 AM,54,0,0,0,0,0,54,54,12,0,54,
2/2/25,February,2025,Q1,11:00 AM,27,4,4,5,6,6,52,44,0,11,31,
2/9/25,February,2025,Q1,9:15 AM,32,5,3,9,7,4,60,53,29,16,37,
2/9/25,February,2025,Q1,11:00 AM,19,,,,,,19,19,,0,19,
2/16/25,February,2025,Q1,9:15 AM,0,0,0,0,0,0,0,0,0,0,0,Family Worship Day only 1 service
2/16/25,February,2025,Q1,11:00 AM,79,0,0,0,0,0,79,79,12,0,79,Family Worship Day only 1 service
2/23/25,February,2025,Q1,9:15 AM,45,0,0,0,0,0,45,45,6,0,45,
2/23/25,February,2025,Q1,11:00 AM,30,4,0,5,3,2,44,39,0,8,34,
3/2/25,March,2025,Q1,9:15 AM,44,0,0,0,0,0,44,44,9,0,44,
3/2/25,March,2025,Q1,11:00 AM,34,3,3,6,4,4,54,48,0,10,37,2nd service is an estimate
3/9/25,March,2025,Q1,:,45,0,0,0,0,0,45,45,10,0,45,sanctuary & online attendance is an estimate
3/9/25,March,2025,Q1,11:00 AM,32,,,,,,32,32,0,10,32,sanctuary and k-6th  attendance is an estimate
3/16/25,March,2025,Q1,9:15 AM,44,0,0,0,0,0,44,44,0,0,44,Live stream did not work
3/16/25,March,2025,Q1,11:00 AM,31,4,4,5,5,7,56,47,0,10,35,
3/23/25,March,2025,Q1,9:15 AM,55,0,0,0,0,0,55,55,8,0,55,
3/23/25,March,2025,Q1,11:00 AM,29,3,1,9,9,4,55,49,0,18,32,
3/30/25,March,2025,Q1,9:15 AM,35,0,0,0,0,0,35,35,8,0,35,Guest Speaker Mark Valentine attendance is an estimate
3/30/25,March,2025,Q1,11:00AM,30,2,3,7,5,3,50,46,0,12,32,Guest Speaker Mark Valentine attendance is an estimate
4/6/25,April,2025,Q2,9:15 AM,30,0,0,0,0,0,30,30,0,0,30,online stream technical difficulties
4/6/25,April,2025,Q2,11:00 AM,45,7,5,9,9,5,80,70,0,18,52,2nd service is an estimate
4/13/25,April,2025,Q2,9:15 AM,40,0,0,0,0,0,40,40,5,0,40,
4/13/25,April,2025,Q2,11:00 AM,29,7,4,9,9,4,62,53,0,18,36,
4/20/25,April,2025,Q2,9:15 AM,60,0,0,0,0,0,60,60,0,0,60,
4/20/25,April,2025,Q2,11:00 AM,57,7,3,9,9,5,90,80,0,18,64,
4/27/25,April,2025,Q2,9:15 AM,46,0,0,0,0,0,46,46,8,0,46,
4/27/25,April,2025,Q2,11:00 AM,44,5,3,6,5,4,67,60,0,11,49,
5/4/25,May,2025,Q2,9:15 AM,45,0,0,0,0,0,45,45,12,0,45,
5/4/25,May,2025,Q2,11:00 AM,35,6,0,6,5,6,58,48,0,11,41,
5/11/25,May,2025,Q2,9:15 AM,41,0,0,0,0,0,41,41,5,0,41,
5/11/25,May,2025,Q2,11:00 AM,45,7,2,8,8,6,76,66,0,16,52,
5/18/25,May,2025,Q2,9:15 AM,38,0,0,0,0,0,38,38,8,0,38,
5/18/25,May,2025,Q2,11:00 AM,43,6,2,4,7,7,69,59,0,11,49,
5/25/25,May,2025,Q2,9:15 AM,0,0,0,0,0,0,0,0,0,0,0,Family Worship Day only 1 service
5/25/25,May,2025,Q2,11:00 AM,71,0,0,0,0,0,71,71,10,0,71,Family Worship Day only 1 service
6/1/25,June,2025,Q2,9:15 AM,45,0,0,0,0,0,45,45,3,0,45,
6/1/25,June,2025,Q2,11:00 AM,35,4,3,7,4,6,59,51,0,11,39,
6/8/25,June,2025,Q2,9:15 AM,35,0,0,0,0,0,35,35,6,0,35,
6/8/25,June,2025,Q2,11:00 AM,42,4,2,6,6,8,68,58,0,12,46,
6/15/25,June,2025,Q2,9:15 AM,26,0,0,0,0,0,26,26,13,0,26,Guest Speaker John LaShell
6/15/25,June,2025,Q2,11:00 AM,47,3,3,5,4,3,65,60,0,9,50,Guest Speaker John LaShell
6/22/25,June,2025,Q2,9:15 AM,36,0,0,0,0,0,36,36,5,0,36,
6/22/25,June,2025,Q2,11:00 AM,40,2,0,3,4,5,54,48,6,7,42,
6/29/25,June,2025,Q2,9:15 AM,35,0,0,0,0,0,35,35,4,0,35,
6/29/25,June,2025,Q2,11:00 AM,43,6,0,9,8,9,75,63,6,17,49,
7/6/25,July,2025,Q3,9:15 AM,35,0,0,0,0,0,35,35,13,0,35,1st service is an estimate
7/6/25,July,2025,Q3,11:00 AM,53,2,0,6,4,5,70,64,0,10,55,
7/13/25,July,2025,Q3,9:15 AM,49,0,0,0,0,0,49,49,16,0,49,
7/13/25,July,2025,Q3,11:00 AM,34,1,1,5,5,4,50,46,,10,35,
7/20/25,July,2025,Q3,9:15 AM,30,0,0,0,0,0,30,30,10,0,30,
7/20/25,July,2025,Q3,11:00 AM,55,1,1,2,4,6,69,63,,6,56,
7/27/25,July,2025,Q3,9:15 AM,45,0,,0,0,0,45,45,12,0,45,
7/27/25,July,2025,Q3,11:00 AM,25,2,1,7,7,7,49,42,4,14,27,
8/3/25,August,2025,Q3,9:15 AM,40,0,0,0,0,0,40,40,8,0,40,
8/3/25,August,2025,Q3,11:00 AM,32,4,1,7,5,6,55,47,3,12,36,
8/10/25,August,2025,Q3,9:15 AM,39,0,0,0,0,0,39,39,4,0,39,
8/10/25,August,2025,Q3,11:00 AM,36,2,0,3,4,6,51,45,6,7,38,
8/17/25,August,2025,Q3,9:15 AM,46,0,0,0,0,0,46,46,10,0,46,
8/17/25,August,2025,Q3,11:00 AM,36,4,0,3,4,6,53,45,1,7,40,
8/24/25,August,2025,Q3,9:15am,44,0,0,0,0,0,44,44,8,0,44,
8/24/25,August,2025,Q3,11:00am,41,4,0,3,5,4,57,51,4,8,45,
8/31/25,August,2025,Q3,11:00am,61,0,0,0,0,0,61,61,,0,61,Family Worship Day only 1 service
9/7/25,September,2025,Q3,9:15,34,,,,,0,34,34,3,0,34,
9/7/25,September,2025,Q3,11:00,32,2,0,1,3,5,43,37,4,4,34,
9/14/25,September,2025,Q3,9:15am,31,,,,,,31,31,22,0,31,
9/14/25,September,2025,Q3,11:00am,41,0,0,0,0,0,41,41,18,0,41,no children's ministry due to lack of volunteers
9/21/25,September,2025,Q3,9:15am,51,,,,,,51,51,13,0,51,
9/21/25,September,2025,Q3,11:00am,26,0,0,0,0,0,26,26,3,0,26,no children's ministry due to lack of volunteers
9/28/25,September,2025,Q3,9:15am,31,,,,,,31,31,7,0,31,
9/28/25,September,2025,Q3,11:00am,34,4,1,3,6,8,56,46,14,9,38,
10/5/25,October,2025,Q4,9:15,combined service,,,,,,0,0,,0,#VALUE!,Generation Excellent Preformance/ no first service
10/5/25,October,2025,Q4,11:00,95,No kids classes,,,,,95,95,Service not recorded,0,#VALUE!,Generation Excellent Preformance/ combined service
10/12/25,October,2025,Q4,9:15,33,,,,,,33,33,10,0,33,
10/12/25,October,2025,Q4,11:00,39,3,0,2,5,12,61,49,18,7,42,
10/19/25,October,2025,Q4,9:15,Didn't count,,,,,,0,0,16,0,#VALUE!,
10/19/25,October,2025,Q4,11:00,33,1,0,3,4,4,45,41,14,7,34,
10/26/25,October,2025,Q4,9:15,28,,,,,,28,28,,0,28,
10/26/25,October,2025,Q4,11:00,47,1,1,2,4,9,64,56,Service not recorded,6,48,online stream technical difficulties
11/2/25,November,2025,Q4,9:15,38,,,,,,38,38,8,0,38,
11/2/25,November,2025,Q4,11:00,33,4,0,0,5,6,48,40,13,5,37,
11/9/25,November,2025,Q4,9:15,35,,,,,,35,35,20,0,35,
11/9/25,November,2025,Q4,11:00,39,5,1,2,4,7,58,48,10,6,44,
11/16/25,November,2025,Q4,9:15,67,,,,,,67,67,17,0,67,Reforcus & Revisioning Service / No kids classes
11/16/25,November,2025,Q4,11:00,70,,,,,,70,70,8,0,70,Normal service / No kids classes
11/23/25,November,2025,Q4,9:15,20,,,,,,20,20,11,0,20,
11/23/25,November,2025,Q4,11:00,42,5,0,2,10,6,65,56,13,12,47,
11/30/25,November,2025,Q4,9:15,0,,,,,,0,0,,0,0,Family Worship Day only 1 service
11/30/25,November,2025,Q4,11:00,54,,,,,,54,54,7,0,54,Family Worship Day only 1 service
12/7/25,December,2025,Q4,9:15,41,,,,,,41,41,4,0,41,
12/7/25,December,2025,Q4,11:00,25,4,0,2,4,7,42,33,15,6,29,
12/14/25,December,2025,Q4,9:15,33,,,,,,33,33,18,0,33,Windy and snowy
12/14/25,December,2025,Q4,11:00,29,3,0,3,5,6,46,39,5,8,32,Windy and snowy
12/21/25,December,2025,Q4,9:15,35,,,,,,35,35,11,0,35,
12/21/25,December,2025,Q4,11:00,29,3,1,3,5,4,45,39,4,8,32,
12/28/25,December,2025,Q4,9:15,26,,,,,,26,26,15,0,26,
12/28/25,December,2025,Q4,11:00,27,4,0,1,6,7,45,36,7,7,31,
1/4/26,January,2026,Q1,9:15,43,,,,,,43,43,11,0,43,
1/4/26,January,2026,Q1,11:00,33,4,2,4,10,8,61,51,3,14,37,
1/11/26,January,2026,Q1,9:15,38,,,,,,38,38,3,0,38,
1/11/26,January,2026,Q1,11:00,43,3,0,1,8,6,61,54,9,9,46,
1/18/26,January,2026,Q1,9:15,38,,,,,,38,38,7,0,38,
1/18/26,January,2026,Q1,11:00,45,5,1,2,9,8,70,60,7,11,50,
1/25/26,January,2026,Q1,9:15,0,,,,,,0,0,0,0,0,Ice & snow cancelled service
1/25/26,January,2026,Q1,11:00,0,0,0,0,0,0,0,0,0,0,0,Ice & snow cancelled service
2/1/26,February,2026,Q1,9:15,0,,,,,,0,0,0,0,0,Church cancelled due to snow and ice
2/2/26,February,2026,Q1,11:00,0,0,0,0,0,0,0,0,0,0,0,Church cancelled due to snow and ice
2/8/26,February,2026,Q1,9:15,42,,,,,,42,42,25,0,42,
2/8/26,February,2026,Q1,11:00,31,6,4,2,6,8,57,46,10,8,37,
2/15/26,February,2026,Q1,9:15,32,,,,,,32,32,8,0,32,
2/15/26,February,2026,Q1,11:00,41,5,2,2,8,4,62,55,11,10,46,
2/22/26,February,2026,Q1,9:15,42,,,,,,42,42,9,0,42,Winter storm warning
2/22/26,February,2026,Q1,0:00,35,4,0,2,8,8,57,47,3,10,39,Winter storm warning